,Nom,Famille,Type,ID équipement,Référence constructeur,Date d'installation,Notes,Secteur,Bâtiment,Adresse,Niveau,Salle,Cage d'escalier,Opérationnel/HS,Validation
2095,A-1/2-2 (4P),,HAMMAM,Houston 006,,,,CIP MPG,Bâtiment Saphir,"61 Avenue des Lilas, 42241 Metz",1,,,Opérationnel,Validé
222,A-1/2-2 (4P),,CLIMATISATION DETENTE DIRECTE,Houston 004,,,,CIP MPG,Bâtiment Saphir,"61 Avenue des Lilas, 42241 Metz",1,,,Opérationnel,Validé
1946,A-1/2-2 (4P),,WC TOTO,Houston 005,,,,CIP MPG,Bâtiment Saphir,"61 Avenue des Lilas, 42241 Metz",1,,,Opérationnel,Validé
729,A-10-1 (5P),,CLIMATISATION DETENTE DIRECTE,Houston 014,,,,CIP MPG,Bâtiment Saphir,"61 Avenue des Lilas, 42241 Metz",10,,,Opérationnel,Validé
2015,A-10-1 (5P),,WC TOTO,Houston 013,,,,CIP MPG,Bâtiment Saphir,"61 Avenue des Lilas, 42241 Metz",11,,,Opérationnel,Validé
1981,A-11-2 (3P),,WC TOTO,Houston 018,,,,CIP MPG,Bâtiment Saphir,"61 Avenue des Lilas, 42241 Metz",11,,,Opérationnel,Validé
383,A-11-2 (3P),,CLIMATISATION DETENTE DIRECTE,Houston 017,,,,CIP MPG,Bâtiment Saphir,"61 Avenue des Lilas, 42241 Metz",11,,,Opérationnel,Validé
2002,A-13-1 (6P),,WC TOTO,Houston 021,,,,CIP MPG,Bâtiment Saphir,"61 Avenue des Lilas, 42241 Metz",13,,,Opérationnel,Validé
366,A-13-1 (6P),,CLIMATISATION DETENTE DIRECTE,Houston 020,,,,CIP MPG,Bâtiment Saphir,"61 Avenue des Lilas, 42241 Metz",13,,,Opérationnel,Validé
2092,A-16 (7P),,HAMMAM,Houston 026,,,,CIP MPG,Bâtiment Saphir,"61 Avenue des Lilas, 42241 Metz",13,,,Opérationnel,Validé
1989,A-16 (7P),,WC TOTO,Houston 024,,,,CIP MPG,Bâtiment Saphir,"61 Avenue des Lilas, 42241 Metz",13,,,Opérationnel,Validé
1493,A-16 (7P),,JACUZZI,Houston 025,,,,CIP MPG,Bâtiment Saphir,"61 Avenue des Lilas, 42241 Metz",13,,,Opérationnel,Validé
167,A-16 (7P),,CLIMATISATION DETENTE DIRECTE,Houston 023,,,,CIP MPG,Bâtiment Saphir,"61 Avenue des Lilas, 42241 Metz",16,,,Opérationnel,Validé
428,A-9-2 (3P),,CLIMATISATION DETENTE DIRECTE,Europa 007,,,,CIP MPG,Bâtiment Technoparc,"152 Boulevard de la Paix, 47534 Marseille",9,,,Opérationnel,Validé
546,A-9-2 (3P),,CLIMATISATION DETENTE DIRECTE,Houston 015,,,,CIP MPG,Bâtiment Saphir,"61 Avenue des Lilas, 42241 Metz",9,,,Opérationnel,Validé
10,ADOUCISSEUR,,ADOUCISSEUR,PARAD ADELF 060,,,,CIP MPG,Bâtiment Le Belvédère,"164 Impasse de la Paix, 13386 Marseille",PCBC,LT RDJ ,,Opérationnel,Validé
11,ADOUCISSEUR,,ADOUCISSEUR,PARAD ADELF 121,,,,CIP MPG,Bâtiment Le Belvédère,"164 Impasse de la Paix, 13386 Marseille",LT EF,,,Opérationnel,Validé
922,ASTREINTE,,ASTREINTE,ENSSITE 0002,,,,HDCER,Bâtiment Logisphère,"1 Chemin de la Liberté, 72527 Bordeaux",,,,Opérationnel,Validé
918,ASTREINTE,,ASTREINTE,Mona 429,,,,CIP MPG,Bâtiment Horizon,"71 Avenue des Lilas, 57883 Marseille",,,,Opérationnel,Validé
923,Astreinte,,ASTREINTE,Europa 070,,,,CIP MPG,Bâtiment Technoparc,"152 Boulevard de la Paix, 47534 Marseille",,,,Opérationnel,Validé
919,Astreinte,,ASTREINTE,Columbia 130,,,,CIP MPG,Bâtiment Montesquieu,"130 Impasse des Lilas, 46132 Marseille",,,,Opérationnel,Validé
921,Astreinte,,ASTREINTE,Houston 055,,,,CIP MPG,Bâtiment Saphir,"61 Avenue des Lilas, 42241 Metz",,,,Opérationnel,Validé
920,Astreinte,,ASTREINTE,Rmc 024,,,,CIP MPG,Bâtiment Atrium,"61 Avenue des Lilas, 92669 Nice",,,,Opérationnel,Validé
1933,B -16-2 (3P),,WC TOTO,Europa 036,,,,CIP MPG,Bâtiment Technoparc,"152 Boulevard de la Paix, 47534 Marseille",16,,,Opérationnel,Validé
188,B -16-2 (3P),,CLIMATISATION DETENTE DIRECTE,Europa 035,,,,CIP MPG,Bâtiment Technoparc,"152 Boulevard de la Paix, 47534 Marseille",16,,,Opérationnel,Validé
140,B -17-1 (4P),,CLIMATISATION DETENTE DIRECTE,Europa 037,,,,CIP MPG,Bâtiment Technoparc,"152 Boulevard de la Paix, 47534 Marseille",17,,,Opérationnel,Validé
1947,B -17-1 (4P),,WC TOTO,Europa 038,,,,CIP MPG,Bâtiment Technoparc,"152 Boulevard de la Paix, 47534 Marseille",17,,,Opérationnel,Validé
548,B-6-1 (4P),,CLIMATISATION DETENTE DIRECTE,Houston 031,,,,CIP MPG,Bâtiment Saphir,"61 Avenue des Lilas, 42241 Metz",6,,,Opérationnel,Validé
442,B-6-1 (4P),,CLIMATISATION DETENTE DIRECTE,Europa 021,,,,CIP MPG,Bâtiment Technoparc,"152 Boulevard de la Paix, 47534 Marseille",6,,,Opérationnel,Validé
2025,B-6-2 (3P),,WC TOTO,Europa 023,,,,CIP MPG,Bâtiment Technoparc,"152 Boulevard de la Paix, 47534 Marseille",6,,,Opérationnel,Validé
543,B-6-2 (3P),,CLIMATISATION DETENTE DIRECTE,Europa 022,,,,CIP MPG,Bâtiment Technoparc,"152 Boulevard de la Paix, 47534 Marseille",6,,,Opérationnel,Validé
1969,B-7-1 (4P),,WC TOTO,Europa 025,,,,CIP MPG,Bâtiment Technoparc,"152 Boulevard de la Paix, 47534 Marseille",7,,,Opérationnel,Validé
270,B-7-1 (4P),,CLIMATISATION DETENTE DIRECTE,Europa 024,,,,CIP MPG,Bâtiment Technoparc,"152 Boulevard de la Paix, 47534 Marseille",7,,,Opérationnel,Validé
397,B-7-1 (4P),,CLIMATISATION DETENTE DIRECTE,Houston 032,,,,CIP MPG,Bâtiment Saphir,"61 Avenue des Lilas, 42241 Metz",7,,,Opérationnel,Validé
53,B-8-1 (4P),,CLIMATISATION DETENTE DIRECTE,Houston 033,,,,CIP MPG,Bâtiment Saphir,"61 Avenue des Lilas, 42241 Metz",8,,,Opérationnel,Validé
244,B-8-1 (4P),,CLIMATISATION DETENTE DIRECTE,Europa 027,,,,CIP MPG,Bâtiment Technoparc,"152 Boulevard de la Paix, 47534 Marseille",8,,,Opérationnel,Validé
1970,B-8-1 (4P),,WC TOTO,Europa 028,,,,CIP MPG,Bâtiment Technoparc,"152 Boulevard de la Paix, 47534 Marseille",8,,,Opérationnel,Validé
1987,BUREAUX C N+1 (7P),,WC TOTO,Europa 046,,,,CIP MPG,Bâtiment Technoparc,"152 Boulevard de la Paix, 47534 Marseille",1,,,Opérationnel,Validé
415,BUREAUX C N+1 (7P),,CLIMATISATION DETENTE DIRECTE,Europa 045,,,,CIP MPG,Bâtiment Technoparc,"152 Boulevard de la Paix, 47534 Marseille",1,,,Opérationnel,Validé
1985,C-06-1 (7P),,WC TOTO,Europa 050,,,,CIP MPG,Bâtiment Technoparc,"152 Boulevard de la Paix, 47534 Marseille",6,,,Opérationnel,Validé
637,C-06-1 (7P),,CLIMATISATION DETENTE DIRECTE,Europa 049,,,,CIP MPG,Bâtiment Technoparc,"152 Boulevard de la Paix, 47534 Marseille",6,,,Opérationnel,Validé
445,C-06-2 (3P),,CLIMATISATION DETENTE DIRECTE,Europa 051,,,,CIP MPG,Bâtiment Technoparc,"152 Boulevard de la Paix, 47534 Marseille",6,,,Opérationnel,Validé
1944,C-06-2 (3P),,WC TOTO,Europa 052,,,,CIP MPG,Bâtiment Technoparc,"152 Boulevard de la Paix, 47534 Marseille",6,,,Opérationnel,Validé
101,C-11-1 (4P),,CLIMATISATION DETENTE DIRECTE,Europa 054,,,,CIP MPG,Bâtiment Technoparc,"152 Boulevard de la Paix, 47534 Marseille",11,,,Opérationnel,Validé
1924,C-11-1 (4P),,WC TOTO,Europa 055,,,,CIP MPG,Bâtiment Technoparc,"152 Boulevard de la Paix, 47534 Marseille",11,,,Opérationnel,Validé
379,C-13-1 (4P),,CLIMATISATION DETENTE DIRECTE,Europa 056,,,,CIP MPG,Bâtiment Technoparc,"152 Boulevard de la Paix, 47534 Marseille",13,,,Opérationnel,Validé
1967,C-13-1 (4P),,WC TOTO,Europa 057,,,,CIP MPG,Bâtiment Technoparc,"152 Boulevard de la Paix, 47534 Marseille",13,,,Opérationnel,Validé
437,C-15-1 (6P+),,CLIMATISATION DETENTE DIRECTE,Houston 049,,,,CIP MPG,Bâtiment Saphir,"61 Avenue des Lilas, 42241 Metz",15,,,Opérationnel,Validé
1923,C-15-1 (6P+),,WC TOTO,Houston 050,,,,CIP MPG,Bâtiment Saphir,"61 Avenue des Lilas, 42241 Metz",15,,,Opérationnel,Validé
507,C-16 (6P),,CLIMATISATION DETENTE DIRECTE,Houston 051,,,,CIP MPG,Bâtiment Saphir,"61 Avenue des Lilas, 42241 Metz",16,,,Opérationnel,Validé
1492,C-16 (6P),,JACUZZI,Houston 054,,,,CIP MPG,Bâtiment Saphir,"61 Avenue des Lilas, 42241 Metz",16,,,Opérationnel,Validé
1955,C-16 (6P),,WC TOTO,Houston 052,,,,CIP MPG,Bâtiment Saphir,"61 Avenue des Lilas, 42241 Metz",16,,,Opérationnel,Validé
2093,C-16 (6P),,HAMMAM,Houston 053,,,,CIP MPG,Bâtiment Saphir,"61 Avenue des Lilas, 42241 Metz",16,,,Opérationnel,Validé
125,C-16 (7P),,CLIMATISATION DETENTE DIRECTE,Europa 059,,,,CIP MPG,Bâtiment Technoparc,"152 Boulevard de la Paix, 47534 Marseille",16,,,Opérationnel,Validé
2011,C-16 (7P),,WC TOTO,Europa 060,,,,CIP MPG,Bâtiment Technoparc,"152 Boulevard de la Paix, 47534 Marseille",16,,,Opérationnel,Validé
1942,C-16-2 (5P),,WC TOTO,Europa 062,,,,CIP MPG,Bâtiment Technoparc,"152 Boulevard de la Paix, 47534 Marseille",17,,,Opérationnel,Validé
799,C-16-2 (5P),,CLIMATISATION DETENTE DIRECTE,Europa 073,,,,CIP MPG,Bâtiment Technoparc,"152 Boulevard de la Paix, 47534 Marseille",16,,,Opérationnel,Validé
743,C-17 (5P),,CLIMATISATION DETENTE DIRECTE,Europa 061,,,"Attention VRV sur la toiture du bâtiment, prendre clés échelles a la conciergerie + prévoir d'être 2 techniciens avec Harnais.",CIP MPG,Bâtiment Technoparc,"152 Boulevard de la Paix, 47534 Marseille",17,,,Opérationnel,Validé
2098,C-17 (5P),,HAMMAM,Europa 063,,,,CIP MPG,Bâtiment Technoparc,"152 Boulevard de la Paix, 47534 Marseille",17,,,Opérationnel,Validé
1494,C-17 (5P),,JACUZZI,Europa 064,,,,CIP MPG,Bâtiment Technoparc,"152 Boulevard de la Paix, 47534 Marseille",17,,,Opérationnel,Validé
2248,C-20 (6P),,CTA,Europa 066,,,,CIP MPG,Bâtiment Technoparc,"152 Boulevard de la Paix, 47534 Marseille",20,,,Opérationnel,Validé
565,C-20 (6P),,CLIMATISATION DETENTE DIRECTE,Europa 067,,,,CIP MPG,Bâtiment Technoparc,"152 Boulevard de la Paix, 47534 Marseille",21,,,Opérationnel,Validé
615,C-21-1 (5P),,CLIMATISATION DETENTE DIRECTE,Europa 069,,,,CIP MPG,Bâtiment Technoparc,"152 Boulevard de la Paix, 47534 Marseille",21,,,Opérationnel,Validé
2096,C-21-1 (5P),,HAMMAM,Europa 068,,,,CIP MPG,Bâtiment Technoparc,"152 Boulevard de la Paix, 47534 Marseille",21,,,Opérationnel,Validé
2023,C-7-1 (5P),,WC TOTO,Houston 042,,,,CIP MPG,Bâtiment Saphir,"61 Avenue des Lilas, 42241 Metz",7,,,Opérationnel,Validé
709,C-7-1 (5P),,CLIMATISATION DETENTE DIRECTE,Houston 041,,,,CIP MPG,Bâtiment Saphir,"61 Avenue des Lilas, 42241 Metz",7,,,Opérationnel,Validé
417,C1-01-1 (3P),,CLIMATISATION DETENTE DIRECTE,Columbia 002,,,,CIP MPG,Bâtiment Montesquieu,"130 Impasse des Lilas, 46132 Marseille",1,,,Opérationnel,Validé
2014,C1-01-1 (3P),,WC TOTO,Columbia 003,,,,CIP MPG,Bâtiment Montesquieu,"130 Impasse des Lilas, 46132 Marseille",1,,,Opérationnel,Validé
511,C1-07-3 (2P),,CLIMATISATION DETENTE DIRECTE,Columbia 012,,,,CIP MPG,Bâtiment Montesquieu,"130 Impasse des Lilas, 46132 Marseille",7,,,Opérationnel,Validé
1936,C1-07-3 (2P),,WC TOTO,Columbia 013,,,,CIP MPG,Bâtiment Montesquieu,"130 Impasse des Lilas, 46132 Marseille",7,,,Opérationnel,Validé
320,C1-07-5 (3P),,CLIMATISATION DETENTE DIRECTE,Columbia 014,,,,CIP MPG,Bâtiment Montesquieu,"130 Impasse des Lilas, 46132 Marseille",7,,,Opérationnel,Validé
1945,C1-07-5 (3P),,WC TOTO,Columbia 015,,,,CIP MPG,Bâtiment Montesquieu,"130 Impasse des Lilas, 46132 Marseille",7,,,Opérationnel,Validé
114,C1-08-3 (2P),,CLIMATISATION DETENTE DIRECTE,Columbia 017,,,,CIP MPG,Bâtiment Montesquieu,"130 Impasse des Lilas, 46132 Marseille",8,,,Opérationnel,Validé
1953,C1-08-3 (2P),,WC TOTO,Columbia 018,,,,CIP MPG,Bâtiment Montesquieu,"130 Impasse des Lilas, 46132 Marseille",8,,,Opérationnel,Validé
2010,C1-11-2 (4P),,WC TOTO,Columbia 037,,,,CIP MPG,Bâtiment Montesquieu,"130 Impasse des Lilas, 46132 Marseille",17,,,Opérationnel,Validé
95,C1-11-2 (4P),,CLIMATISATION DETENTE DIRECTE,Columbia 021,,,,CIP MPG,Bâtiment Montesquieu,"130 Impasse des Lilas, 46132 Marseille",11,,,Opérationnel,Validé
626,C1-13-2 (4P),,CLIMATISATION DETENTE DIRECTE,Columbia 022,,,,CIP MPG,Bâtiment Montesquieu,"130 Impasse des Lilas, 46132 Marseille",13,,,Opérationnel,Validé
1932,C1-13-2 (4P),,WC TOTO,Columbia 023,,,,CIP MPG,Bâtiment Montesquieu,"130 Impasse des Lilas, 46132 Marseille",13,,,Opérationnel,Validé
2007,C1-13-5 (3P),,WC TOTO,Columbia 025,,,,CIP MPG,Bâtiment Montesquieu,"130 Impasse des Lilas, 46132 Marseille",13,,,Opérationnel,Validé
197,C1-13-5 (3P),,CLIMATISATION DETENTE DIRECTE,Columbia 024,,,,CIP MPG,Bâtiment Montesquieu,"130 Impasse des Lilas, 46132 Marseille",13,,,Opérationnel,Validé
2027,C1-14-2 (4P),,WC TOTO,Columbia 027,,,,CIP MPG,Bâtiment Montesquieu,"130 Impasse des Lilas, 46132 Marseille",14,,,Opérationnel,Validé
644,C1-14-2 (4P),,CLIMATISATION DETENTE DIRECTE,Columbia 026,,,,CIP MPG,Bâtiment Montesquieu,"130 Impasse des Lilas, 46132 Marseille",14,,,Opérationnel,Validé
1998,C1-14-3 (2P),,WC TOTO,Columbia 029,,,,CIP MPG,Bâtiment Montesquieu,"130 Impasse des Lilas, 46132 Marseille",14,,,Opérationnel,Validé
763,C1-14-3 (2P),,CLIMATISATION DETENTE DIRECTE,Columbia 028,,,,CIP MPG,Bâtiment Montesquieu,"130 Impasse des Lilas, 46132 Marseille",14,,,Opérationnel,Validé
1939,C1-15-1 (3P),,WC TOTO,Columbia 031,,,,CIP MPG,Bâtiment Montesquieu,"130 Impasse des Lilas, 46132 Marseille",15,,,Opérationnel,Validé
165,C1-15-1 (3P),,CLIMATISATION DETENTE DIRECTE,Columbia 030,,,,CIP MPG,Bâtiment Montesquieu,"130 Impasse des Lilas, 46132 Marseille",15,,,Opérationnel,Validé
1949,C1-16-1 (3P),,WC TOTO,Columbia 035,,,,CIP MPG,Bâtiment Montesquieu,"130 Impasse des Lilas, 46132 Marseille",16,,,Opérationnel,Validé
533,C1-16-1 (3P),,CLIMATISATION DETENTE DIRECTE,Columbia 034,,,,CIP MPG,Bâtiment Montesquieu,"130 Impasse des Lilas, 46132 Marseille",16,,,Opérationnel,Validé
2016,C1-18-2 (4P),,WC TOTO,Columbia 042,,,,CIP MPG,Bâtiment Montesquieu,"130 Impasse des Lilas, 46132 Marseille",18,,,Opérationnel,Validé
515,C1-18-2 (4P),,CLIMATISATION DETENTE DIRECTE,Columbia 041,,,,CIP MPG,Bâtiment Montesquieu,"130 Impasse des Lilas, 46132 Marseille",18,,,Opérationnel,Validé
342,C1-19-2 (4P),,CLIMATISATION DETENTE DIRECTE,Columbia 045,,,,CIP MPG,Bâtiment Montesquieu,"130 Impasse des Lilas, 46132 Marseille",19,,,Opérationnel,Validé
2017,C1-19-2 (4P),,WC TOTO,Columbia 046,,,,CIP MPG,Bâtiment Montesquieu,"130 Impasse des Lilas, 46132 Marseille",19,,,Opérationnel,Validé
65,C1-21-3 (2P),,CLIMATISATION DETENTE DIRECTE,Columbia 204,,,,CIP MPG,Bâtiment Montesquieu,"130 Impasse des Lilas, 46132 Marseille",21,,,Opérationnel,Validé
1979,C1-21-3 (2P),,WC TOTO,Columbia 203,,,,CIP MPG,Bâtiment Montesquieu,"130 Impasse des Lilas, 46132 Marseille",21,,,Opérationnel,Validé
98,C1-21-4 (3P),,CLIMATISATION DETENTE DIRECTE,Columbia 052,,,,CIP MPG,Bâtiment Montesquieu,"130 Impasse des Lilas, 46132 Marseille",21,,,Opérationnel,Validé
2000,C1-21-4 (3P),,WC TOTO,Columbia 053,,,,CIP MPG,Bâtiment Montesquieu,"130 Impasse des Lilas, 46132 Marseille",21,,,Opérationnel,Validé
1961,C1-25-1 (3P),,WC TOTO,Columbia 070,,,,CIP MPG,Bâtiment Montesquieu,"130 Impasse des Lilas, 46132 Marseille",27,,,Opérationnel,Validé
334,C1-25-1 (3P),,CLIMATISATION DETENTE DIRECTE,Columbia 058,,,,CIP MPG,Bâtiment Montesquieu,"130 Impasse des Lilas, 46132 Marseille",25,,,Opérationnel,Validé
1964,C1-26-3 (2P),,WC TOTO,Columbia 064,,,,CIP MPG,Bâtiment Montesquieu,"130 Impasse des Lilas, 46132 Marseille",26,,,Opérationnel,Validé
609,C1-26-3 (2P),,CLIMATISATION DETENTE DIRECTE,Columbia 063,,,,CIP MPG,Bâtiment Montesquieu,"130 Impasse des Lilas, 46132 Marseille",26,,,Opérationnel,Validé
1995,C1-27-1 (3P),,WC TOTO,Columbia 066,,,,CIP MPG,Bâtiment Montesquieu,"130 Impasse des Lilas, 46132 Marseille",27,,,Opérationnel,Validé
309,C1-27-1 (3P),,CLIMATISATION DETENTE DIRECTE,Columbia 065,,,,CIP MPG,Bâtiment Montesquieu,"130 Impasse des Lilas, 46132 Marseille",27,,,Opérationnel,Validé
1935,C1-27-3 (2P),,WC TOTO,Columbia 068,,,,CIP MPG,Bâtiment Montesquieu,"130 Impasse des Lilas, 46132 Marseille",27,,,Opérationnel,Validé
228,C1-27-3 (2P),,CLIMATISATION DETENTE DIRECTE,Columbia 067,,,,CIP MPG,Bâtiment Montesquieu,"130 Impasse des Lilas, 46132 Marseille",27,,,Opérationnel,Validé
1930,C1-28-2 (3P),,WC TOTO,Columbia 072,,,,CIP MPG,Bâtiment Montesquieu,"130 Impasse des Lilas, 46132 Marseille",28,,,Opérationnel,Validé
359,C1-28-2 (3P),,CLIMATISATION DETENTE DIRECTE,Columbia 071,,,,CIP MPG,Bâtiment Montesquieu,"130 Impasse des Lilas, 46132 Marseille",28,,,Opérationnel,Validé
136,C1-29-2 (4P),,CLIMATISATION DETENTE DIRECTE,Columbia 074,,,,CIP MPG,Bâtiment Montesquieu,"130 Impasse des Lilas, 46132 Marseille",29,,,Opérationnel,Validé
1976,C1-29-2 (4P),,WC TOTO,Columbia 075,,,,CIP MPG,Bâtiment Montesquieu,"130 Impasse des Lilas, 46132 Marseille",29,,,Opérationnel,Validé
1975,C1-29-4 (3P),,WC TOTO,Columbia 211,,,,CIP MPG,Bâtiment Montesquieu,"130 Impasse des Lilas, 46132 Marseille",29,,,Opérationnel,Validé
755,C1-29-4 (3P),,CLIMATISATION DETENTE DIRECTE,Columbia 210,,,,CIP MPG,Bâtiment Montesquieu,"130 Impasse des Lilas, 46132 Marseille",,,,Opérationnel,Validé
2024,C1-29-5(3P),,WC TOTO,Columbia 077,,,,CIP MPG,Bâtiment Montesquieu,"130 Impasse des Lilas, 46132 Marseille",29,,,Opérationnel,Validé
168,C1-29-5(3P),,CLIMATISATION DETENTE DIRECTE,Columbia 076,,,,CIP MPG,Bâtiment Montesquieu,"130 Impasse des Lilas, 46132 Marseille",29,,,Opérationnel,Validé
298,C1-30-1 (3P),,CLIMATISATION DETENTE DIRECTE,Columbia 078,,,,CIP MPG,Bâtiment Montesquieu,"130 Impasse des Lilas, 46132 Marseille",30,,,Opérationnel,Validé
1950,C1-30-1 (3P),,WC TOTO,Columbia 079,,,,CIP MPG,Bâtiment Montesquieu,"130 Impasse des Lilas, 46132 Marseille",30,,,Opérationnel,Validé
268,C1-31-5 (3P),,CLIMATISATION DETENTE DIRECTE,Columbia 081,,,,CIP MPG,Bâtiment Montesquieu,"130 Impasse des Lilas, 46132 Marseille",31,,,Opérationnel,Validé
1966,C1-31-5 (3P),,WC TOTO,Columbia 131,,,,CIP MPG,Bâtiment Montesquieu,"130 Impasse des Lilas, 46132 Marseille",,,,Opérationnel,Validé
1982,C1-32-5 (3P),,WC TOTO,Columbia 084,,,,CIP MPG,Bâtiment Montesquieu,"130 Impasse des Lilas, 46132 Marseille",32,,,Opérationnel,Validé
680,C1-32-5 (3P),,CLIMATISATION DETENTE DIRECTE,Columbia 083,,,,CIP MPG,Bâtiment Montesquieu,"130 Impasse des Lilas, 46132 Marseille",32,,,Opérationnel,Validé
1962,C1-8-4 (3P),,WC TOTO,Columbia 201,,,,CIP MPG,Bâtiment Montesquieu,"130 Impasse des Lilas, 46132 Marseille",8,,,Opérationnel,Validé
107,C1-8-4 (3P),,CLIMATISATION DETENTE DIRECTE,Columbia 200,,,,CIP MPG,Bâtiment Montesquieu,"130 Impasse des Lilas, 46132 Marseille",8,,,Opérationnel,Validé
173,C1/2-1(8P)HP_C1 1 3(1P)CP,,CLIMATISATION DETENTE DIRECTE,Houston 036,,,,CIP MPG,Bâtiment Saphir,"61 Avenue des Lilas, 42241 Metz",1,,,Opérationnel,Validé
2094,C1/2-1(8P)HP_C1 1 3(1P)CP,,HAMMAM,Houston 037,,,,CIP MPG,Bâtiment Saphir,"61 Avenue des Lilas, 42241 Metz",1,,,Opérationnel,Validé
1917,C1/2-1(8P)HP_C1 1 3(1P)CP,,CHAUFFE EAU CUISINE ETE,Houston 038,,,,CIP MPG,Bâtiment Saphir,"61 Avenue des Lilas, 42241 Metz",1,,,Opérationnel,Validé
778,C2-04-1 (4P),,CLIMATISATION DETENTE DIRECTE,Columbia 090,,,,CIP MPG,Bâtiment Montesquieu,"130 Impasse des Lilas, 46132 Marseille",4,,,Opérationnel,Validé
2008,C2-04-1 (4P),,WC TOTO,Columbia 091,,,,CIP MPG,Bâtiment Montesquieu,"130 Impasse des Lilas, 46132 Marseille",4,,,Opérationnel,Validé
775,C2-10-1 (4P),,CLIMATISATION DETENTE DIRECTE,Columbia 095,,,,CIP MPG,Bâtiment Montesquieu,"130 Impasse des Lilas, 46132 Marseille",10,,,Opérationnel,Validé
1980,C2-10-1 (4P),,WC TOTO,Columbia 096,,,,CIP MPG,Bâtiment Montesquieu,"130 Impasse des Lilas, 46132 Marseille",10,,,Opérationnel,Validé
418,C2-12-3 (2P),,CLIMATISATION DETENTE DIRECTE,Columbia 097,,,,CIP MPG,Bâtiment Montesquieu,"130 Impasse des Lilas, 46132 Marseille",12,,,Opérationnel,Validé
1952,C2-12-3 (2P),,WC TOTO,Columbia 098,,,,CIP MPG,Bâtiment Montesquieu,"130 Impasse des Lilas, 46132 Marseille",12,,,Opérationnel,Validé
598,C2-13-3 (2P),,CLIMATISATION DETENTE DIRECTE,Columbia 099,,,,CIP MPG,Bâtiment Montesquieu,"130 Impasse des Lilas, 46132 Marseille",13,,,Opérationnel,Validé
1990,C2-13-3 (2P),,WC TOTO,Columbia 100,,,,CIP MPG,Bâtiment Montesquieu,"130 Impasse des Lilas, 46132 Marseille",13,,,Opérationnel,Validé
655,C2-16-2 (3P),,CLIMATISATION DETENTE DIRECTE,Columbia 104,,,,CIP MPG,Bâtiment Montesquieu,"130 Impasse des Lilas, 46132 Marseille",16,,,Opérationnel,Validé
2003,C2-16-2 (3P),,WC TOTO,Columbia 105,,,,CIP MPG,Bâtiment Montesquieu,"130 Impasse des Lilas, 46132 Marseille",16,,,Opérationnel,Validé
2013,C2-20-2 (3P),,WC TOTO,Columbia 112,,,,CIP MPG,Bâtiment Montesquieu,"130 Impasse des Lilas, 46132 Marseille",20,,,Opérationnel,Validé
760,C2-20-2 (3P),,CLIMATISATION DETENTE DIRECTE,Columbia 111,,,,CIP MPG,Bâtiment Montesquieu,"130 Impasse des Lilas, 46132 Marseille",20,,,Opérationnel,Validé
586,C2-21-1 (4P),,CLIMATISATION DETENTE DIRECTE,Columbia 113,,,,CIP MPG,Bâtiment Montesquieu,"130 Impasse des Lilas, 46132 Marseille",21,,,Opérationnel,Validé
1957,C2-21-1 (4P),,WC TOTO,Columbia 114,,,,CIP MPG,Bâtiment Montesquieu,"130 Impasse des Lilas, 46132 Marseille",21,,,Opérationnel,Validé
490,C2-22-2 (3P),,CLIMATISATION DETENTE DIRECTE,Columbia 117,,,,CIP MPG,Bâtiment Montesquieu,"130 Impasse des Lilas, 46132 Marseille",22,,,Opérationnel,Validé
1972,C2-22-2 (3P),,WC TOTO,Columbia 116,,,,CIP MPG,Bâtiment Montesquieu,"130 Impasse des Lilas, 46132 Marseille",22,,,Opérationnel,Validé
1954,C2-27-1 (4P),,WC TOTO,Columbia 133,,,,CIP MPG,Bâtiment Montesquieu,"130 Impasse des Lilas, 46132 Marseille",8,,,Opérationnel,Validé
725,C2-27-1 (4P),,CLIMATISATION DETENTE DIRECTE,Columbia 123,,,,CIP MPG,Bâtiment Montesquieu,"130 Impasse des Lilas, 46132 Marseille",27,,,Opérationnel,Validé
1999,C2-29-1 (4P),,WC TOTO,Columbia 125,,,,CIP MPG,Bâtiment Montesquieu,"130 Impasse des Lilas, 46132 Marseille",29,,,Opérationnel,Validé
509,C2-29-1 (4P),,CLIMATISATION DETENTE DIRECTE,Columbia 124,,,,CIP MPG,Bâtiment Montesquieu,"130 Impasse des Lilas, 46132 Marseille",29,,,Opérationnel,Validé
620,C2-29-2 (3P),,CLIMATISATION DETENTE DIRECTE,Columbia 126,,,,CIP MPG,Bâtiment Montesquieu,"130 Impasse des Lilas, 46132 Marseille",29,,,Opérationnel,Validé
1974,C2-29-2 (3P),,WC TOTO,Columbia 127,,,,CIP MPG,Bâtiment Montesquieu,"130 Impasse des Lilas, 46132 Marseille",29,,,Opérationnel,Validé
1943,C2-29-4 (3P),,WC TOTO,Columbia 129,,,,CIP MPG,Bâtiment Montesquieu,"130 Impasse des Lilas, 46132 Marseille",29,,,Opérationnel,Validé
89,C2-29-4 (3P),,CLIMATISATION DETENTE DIRECTE,Columbia 128,,,,CIP MPG,Bâtiment Montesquieu,"130 Impasse des Lilas, 46132 Marseille",29,,,Opérationnel,Validé
2202,CENTRALE DOUBLE FLUX,,CTA,PARAD ADELF 043,,,,CIP MPG,Bâtiment Le Belvédère,"164 Impasse de la Paix, 13386 Marseille",Villa A,RDC ,,Opérationnel,Validé
2213,CENTRALE DOUBLE FLUX,,CTA,PARAD ADELF 078,,,,CIP MPG,Bâtiment Le Belvédère,"164 Impasse de la Paix, 13386 Marseille",PCBC,RDC ,,Opérationnel,Validé
2251,CENTRALE DOUBLE FLUX,,CTA,PARAD ADELF 065,,,,CIP MPG,Bâtiment Le Belvédère,"164 Impasse de la Paix, 13386 Marseille",PCBC,LT RDJ ,,Opérationnel,Validé
746,CLIM CH N°1,,CLIMATISATION DETENTE DIRECTE,FELIX,,,,HDCER,Bâtiment Pôle Innovation,"1 Chemin de la Liberté, 72527 Bordeaux",,,,Opérationnel,Validé
236,CLIM CH N°1,,CLIMATISATION DETENTE DIRECTE,FELIX 21,,,,HDCER,Bâtiment Pôle Innovation,"1 Chemin de la Liberté, 72527 Bordeaux",,,,Opérationnel,Validé
124,CLIM PREPARATION FROIDE,,CLIMATISATION DETENTE DIRECTE,HDC 407,,,,HDCER,Bâtiment Génération,"1 Chemin de la Liberté, 72527 Bordeaux",rdj,,,Opérationnel,Validé
691,CLIM PREPARATION FROIDE,,CLIMATISATION DETENTE DIRECTE,EDR 0034,,,,HDCER,Bâtiment Logisphère,"1 Chemin de la Liberté, 72527 Bordeaux",Toiture technique 1,,,Opérationnel,Validé
508,CLIM SALON DE COIFFURE,,CLIMATISATION DETENTE DIRECTE,EDR 0127,,,,HDCER,Bâtiment Logisphère,"1 Chemin de la Liberté, 72527 Bordeaux",,Salon de coiffure,,Opérationnel,Validé
92,CLIM SALON DE COIFFURE,,CLIMATISATION DETENTE DIRECTE,WCFC 0029,DAIKIN,,,WORLD CLASS FITNESS CLUB,Bâtiment Voltaire,"188 Avenue de la Paix, 62642 Paris",,,,Opérationnel,Validé
1502,COMPTNRJ CHAUD VC HALL SS01,,COMPTEURS_MANIP VANNES_GTB_EXPLOITATION,Mona 380,,,,CIP MPG,Bâtiment Horizon,"71 Avenue des Lilas, 57883 Marseille",,,,Opérationnel,Validé
1505,COMPTNRJ CHAUD VC HALL SS01,,COMPTEURS_MANIP VANNES_GTB_EXPLOITATION,Mona 398,,,,CIP MPG,Bâtiment Horizon,"71 Avenue des Lilas, 57883 Marseille",,,,Opérationnel,Validé
2211,CTA SALON RDC,,CTA,PARAD ADELF 030,,,,CIP MPG,Bâtiment Le Belvédère,"164 Impasse de la Paix, 13386 Marseille",Villa A,LT S1,,Opérationnel,Validé
2193,CTA SALON RDC,,CTA,PARAD ADELF 008,,,,CIP MPG,Bâtiment Le Belvédère,"164 Impasse de la Paix, 13386 Marseille",Villa A,LT S1,,Opérationnel,Validé
1868,DISCONNECTEUR,,PLOMBERIE,PARAD ADELF 122,,,,CIP MPG,Bâtiment Le Belvédère,"164 Impasse de la Paix, 13386 Marseille",LT EF,LT piscine,,Opérationnel,Validé
1905,DISCONNECTEUR,,PLOMBERIE,PARAD ADELF 016,,,,CIP MPG,Bâtiment Le Belvédère,"164 Impasse de la Paix, 13386 Marseille",Villa B,LT S1,,Opérationnel,Validé
1852,DISCONNECTEUR,,PLOMBERIE,PARAD ADELF 250,,,,CIP MPG,Bâtiment Le Belvédère,"164 Impasse de la Paix, 13386 Marseille",MEPH,LT S1,,Opérationnel,Validé
1846,DISCONNECTEUR,,PLOMBERIE,PARAD ADELF 039,,,,CIP MPG,Bâtiment Le Belvédère,"164 Impasse de la Paix, 13386 Marseille",Villa B,LT S1,,Opérationnel,Validé
1871,"ENSEMBLE WC, DOUCHES, BAIGNOIRES, BIDES...",,PLOMBERIE,PARAD ADELF 019,,,,CIP MPG,Bâtiment Le Belvédère,"164 Impasse de la Paix, 13386 Marseille",Villa B,Salle de bain 1 ,,Opérationnel,Validé
1851,"ENSEMBLE WC, DOUCHES, BAIGNOIRES, BIDES...",,PLOMBERIE,PARAD ADELF 042,,,,CIP MPG,Bâtiment Le Belvédère,"164 Impasse de la Paix, 13386 Marseille",Villa B,Salle de bain 1 ,,Opérationnel,Validé
1436,EXTRACTEUR HOTTE CUISINE,,EXTRACTION_VMC_INSUFFLATION,PARAD ADELF 009,,,,CIP MPG,Bâtiment Le Belvédère,"164 Impasse de la Paix, 13386 Marseille",Villa B,LT S1,,Opérationnel,Validé
1412,EXTRACTEUR HOTTE CUISINE,,EXTRACTION_VMC_INSUFFLATION,PARAD ADELF 031,,,,CIP MPG,Bâtiment Le Belvédère,"164 Impasse de la Paix, 13386 Marseille",Villa B,LT S1,,Opérationnel,Validé
1420,EXTRACTEUR L.T.,,EXTRACTION_VMC_INSUFFLATION,PARAD ADELF 010,,,,CIP MPG,Bâtiment Le Belvédère,"164 Impasse de la Paix, 13386 Marseille",Villa A,LT S1,,Opérationnel,Validé
1406,EXTRACTEUR L.T.,,EXTRACTION_VMC_INSUFFLATION,PARAD ADELF 064,,,,CIP MPG,Bâtiment Le Belvédère,"164 Impasse de la Paix, 13386 Marseille",PCBC,LT RDJ ,,Opérationnel,Validé
1439,EXTRACTEUR L.T.,,EXTRACTION_VMC_INSUFFLATION,PARAD ADELF 032,,,,CIP MPG,Bâtiment Le Belvédère,"164 Impasse de la Paix, 13386 Marseille",Villa A,LT S1,,Opérationnel,Validé
1268,FILTRE SUR RESEAU D'EAU,,CLIMATISATION VENTILO CONVECTEUR,PARAD ADELF 015,,,,CIP MPG,Bâtiment Le Belvédère,"164 Impasse de la Paix, 13386 Marseille",Villa B,LT S1,,Opérationnel,Validé
1276,FILTRE SUR RESEAU D'EAU,,CLIMATISATION VENTILO CONVECTEUR,PARAD ADELF 038,,,,CIP MPG,Bâtiment Le Belvédère,"164 Impasse de la Paix, 13386 Marseille",Villa A,LT S1,,Opérationnel,Validé
2091,HAMMAM,,HAMMAM,PARAD ADELF 105,,,,CIP MPG,Bâtiment Le Belvédère,"164 Impasse de la Paix, 13386 Marseille",Villa principale,HAMMAM SDB ETAGE,,Opérationnel,Validé
2099,HAMMAM,,HAMMAM,PARAD ADELF 115,,,,CIP MPG,Bâtiment Le Belvédère,"164 Impasse de la Paix, 13386 Marseille",Piscine intérieure,LT piscine,,Opérationnel,Validé
1508,MANIPULATION VANNES ET CONTRÔLE ETANCHEITE,,COMPTEURS_MANIP VANNES_GTB_EXPLOITATION,Mona 416,,,,CIP MPG,Bâtiment Horizon,"71 Avenue des Lilas, 57883 Marseille",N+11,Parties communes palier ascenseur,,Opérationnel,Validé
1495,MANIPULATION VANNES ET CONTRÔLE ETANCHEITE,,COMPTEURS_MANIP VANNES_GTB_EXPLOITATION,Mona 414,,,,CIP MPG,Bâtiment Horizon,"71 Avenue des Lilas, 57883 Marseille",N+9,Parties communes palier ascenseur,,Opérationnel,Validé
1496,MANIPULATION VANNES ET CONTRÔLE ETANCHEITE,,COMPTEURS_MANIP VANNES_GTB_EXPLOITATION,Mona 415,,,,CIP MPG,Bâtiment Horizon,"71 Avenue des Lilas, 57883 Marseille",N+10,Parties communes palier ascenseur,,Opérationnel,Validé
1500,MANIPULATION VANNES ET CONTRÔLE ETANCHEITE,,COMPTEURS_MANIP VANNES_GTB_EXPLOITATION,Mona 418,,,,CIP MPG,Bâtiment Horizon,"71 Avenue des Lilas, 57883 Marseille",N+13,Parties communes palier ascenseur,,Opérationnel,Validé
1503,MANIPULATION VANNES ET CONTRÔLE ETANCHEITE,,COMPTEURS_MANIP VANNES_GTB_EXPLOITATION,Mona 406,,,,CIP MPG,Bâtiment Horizon,"71 Avenue des Lilas, 57883 Marseille",N+1,Parties communes palier ascenseur,,Opérationnel,Validé
1507,MANIPULATION VANNES ET CONTRÔLE ETANCHEITE,,COMPTEURS_MANIP VANNES_GTB_EXPLOITATION,Mona 428,,,,CIP MPG,Bâtiment Horizon,"71 Avenue des Lilas, 57883 Marseille",N+23,Parties communes palier ascenseur,,Opérationnel,Validé
1542,MANIPULATION VANNES ET CONTRÔLE ETANCHEITE,,COMPTEURS_MANIP VANNES_GTB_EXPLOITATION,Mona 423,,,,CIP MPG,Bâtiment Horizon,"71 Avenue des Lilas, 57883 Marseille",N+18,Parties communes palier ascenseur,,Opérationnel,Validé
1509,MANIPULATION VANNES ET CONTRÔLE ETANCHEITE,,COMPTEURS_MANIP VANNES_GTB_EXPLOITATION,Mona 409,,,,CIP MPG,Bâtiment Horizon,"71 Avenue des Lilas, 57883 Marseille",N+4,Parties communes palier ascenseur,,Opérationnel,Validé
1544,MANIPULATION VANNES ET CONTRÔLE ETANCHEITE,,COMPTEURS_MANIP VANNES_GTB_EXPLOITATION,Mona 421,,,,CIP MPG,Bâtiment Horizon,"71 Avenue des Lilas, 57883 Marseille",N+16,Parties communes palier ascenseur,,Opérationnel,Validé
1512,MANIPULATION VANNES ET CONTRÔLE ETANCHEITE,,COMPTEURS_MANIP VANNES_GTB_EXPLOITATION,Mona 405,,,,CIP MPG,Bâtiment Horizon,"71 Avenue des Lilas, 57883 Marseille",rdc,Pc sécurité,,Opérationnel,Validé
1546,MANIPULATION VANNES ET CONTRÔLE ETANCHEITE,,COMPTEURS_MANIP VANNES_GTB_EXPLOITATION,Mona 413,,,,CIP MPG,Bâtiment Horizon,"71 Avenue des Lilas, 57883 Marseille",N+8,Parties communes palier ascenseur,,Opérationnel,Validé
1545,MANIPULATION VANNES ET CONTRÔLE ETANCHEITE,,COMPTEURS_MANIP VANNES_GTB_EXPLOITATION,Mona 422,,,,CIP MPG,Bâtiment Horizon,"71 Avenue des Lilas, 57883 Marseille",N+17,Parties communes palier ascenseur,,Opérationnel,Validé
1510,MANIPULATION VANNES ET CONTRÔLE ETANCHEITE,,COMPTEURS_MANIP VANNES_GTB_EXPLOITATION,Mona 424,,,,CIP MPG,Bâtiment Horizon,"71 Avenue des Lilas, 57883 Marseille",N+19,Parties communes palier ascenseur,,Opérationnel,Validé
1538,MANIPULATION VANNES ET CONTRÔLE ETANCHEITE,,COMPTEURS_MANIP VANNES_GTB_EXPLOITATION,Mona 412,,,,CIP MPG,Bâtiment Horizon,"71 Avenue des Lilas, 57883 Marseille",N+7,Parties communes palier ascenseur,,Opérationnel,Validé
1537,MANIPULATION VANNES ET CONTRÔLE ETANCHEITE,,COMPTEURS_MANIP VANNES_GTB_EXPLOITATION,Mona 408,,,,CIP MPG,Bâtiment Horizon,"71 Avenue des Lilas, 57883 Marseille",N+3,Parties communes palier ascenseur,,Opérationnel,Validé
1536,MANIPULATION VANNES ET CONTRÔLE ETANCHEITE,,COMPTEURS_MANIP VANNES_GTB_EXPLOITATION,Mona 420,,,,CIP MPG,Bâtiment Horizon,"71 Avenue des Lilas, 57883 Marseille",N+15,Parties communes palier ascenseur,,Opérationnel,Validé
1539,MANIPULATION VANNES ET CONTRÔLE ETANCHEITE,,COMPTEURS_MANIP VANNES_GTB_EXPLOITATION,Mona 410,,,,CIP MPG,Bâtiment Horizon,"71 Avenue des Lilas, 57883 Marseille",N+5,Parties communes palier ascenseur,,Opérationnel,Validé
1530,MANIPULATION VANNES ET CONTRÔLE ETANCHEITE,,COMPTEURS_MANIP VANNES_GTB_EXPLOITATION,Mona 425,,,,CIP MPG,Bâtiment Horizon,"71 Avenue des Lilas, 57883 Marseille",N+20,Parties communes palier ascenseur,,Opérationnel,Validé
1529,MANIPULATION VANNES ET CONTRÔLE ETANCHEITE,,COMPTEURS_MANIP VANNES_GTB_EXPLOITATION,Mona 417,,,,CIP MPG,Bâtiment Horizon,"71 Avenue des Lilas, 57883 Marseille",N+12,Parties communes palier ascenseur,,Opérationnel,Validé
1524,MANIPULATION VANNES ET CONTRÔLE ETANCHEITE,,COMPTEURS_MANIP VANNES_GTB_EXPLOITATION,Mona 419,,,,CIP MPG,Bâtiment Horizon,"71 Avenue des Lilas, 57883 Marseille",N+14,Parties communes palier ascenseur,,Opérationnel,Validé
1523,MANIPULATION VANNES ET CONTRÔLE ETANCHEITE,,COMPTEURS_MANIP VANNES_GTB_EXPLOITATION,Mona 427,,,,CIP MPG,Bâtiment Horizon,"71 Avenue des Lilas, 57883 Marseille",N+22,Parties communes palier ascenseur,,Opérationnel,Validé
1519,MANIPULATION VANNES ET CONTRÔLE ETANCHEITE,,COMPTEURS_MANIP VANNES_GTB_EXPLOITATION,Mona 411,,,,CIP MPG,Bâtiment Horizon,"71 Avenue des Lilas, 57883 Marseille",N+6,Parties communes palier ascenseur,,Opérationnel,Validé
1514,MANIPULATION VANNES ET CONTRÔLE ETANCHEITE,,COMPTEURS_MANIP VANNES_GTB_EXPLOITATION,Mona 426,,,,CIP MPG,Bâtiment Horizon,"71 Avenue des Lilas, 57883 Marseille",N+21,Parties communes palier ascenseur,,Opérationnel,Validé
1531,MANIPULATION VANNES ET CONTRÔLE ETANCHEITE,,COMPTEURS_MANIP VANNES_GTB_EXPLOITATION,Mona 407,,,,CIP MPG,Bâtiment Horizon,"71 Avenue des Lilas, 57883 Marseille",N+2,Parties communes palier ascenseur,,Opérationnel,Validé
929,P.A.C.,,GROUPE FRIGORIFIQUE EG,PARAD ADELF 046,,,,CIP MPG,Bâtiment Le Belvédère,"164 Impasse de la Paix, 13386 Marseille",MEPH,LT,,Opérationnel,Validé
930,P.A.C.,,GROUPE FRIGORIFIQUE EG,PARAD ADELF 028,,,,CIP MPG,Bâtiment Le Belvédère,"164 Impasse de la Paix, 13386 Marseille",Villa A,LT S1,,Opérationnel,Validé
937,P.A.C.,,GROUPE FRIGORIFIQUE EG,PARAD ADELF 006,,,,CIP MPG,Bâtiment Le Belvédère,"164 Impasse de la Paix, 13386 Marseille",Villa B,LT S1,,Opérationnel,Validé
939,P.A.C.,,GROUPE FRIGORIFIQUE EG,PARAD ADELF 063,,,,CIP MPG,Bâtiment Le Belvédère,"164 Impasse de la Paix, 13386 Marseille",PCBC,LT RDJ ,,Opérationnel,Validé
962,POMPE BOUCLAGE ECS,,POMPES_CIRCULATEURS,PARAD ADELF 033,,,,CIP MPG,Bâtiment Le Belvédère,"164 Impasse de la Paix, 13386 Marseille",Villa B,LT S1,,Opérationnel,Validé
1032,POMPE BOUCLAGE ECS,,POMPES_CIRCULATEURS,PARAD ADELF 090,,,,CIP MPG,Bâtiment Le Belvédère,"164 Impasse de la Paix, 13386 Marseille",Villa principale,LT CHAUFFERIE RDJ,,Opérationnel,Validé
1034,POMPE BOUCLAGE ECS,,POMPES_CIRCULATEURS,PARAD ADELF 260,,,,CIP MPG,Bâtiment Le Belvédère,"164 Impasse de la Paix, 13386 Marseille",Villa A,LT,,Opérationnel,Validé
1063,POMPE BOUCLAGE ECS,,POMPES_CIRCULATEURS,PARAD ADELF 047,,,,CIP MPG,Bâtiment Le Belvédère,"164 Impasse de la Paix, 13386 Marseille",MEPH,LT S1,,Opérationnel,Validé
1047,POMPE BOUCLAGE ECS,,POMPES_CIRCULATEURS,PARAD ADELF 066,,,,CIP MPG,Bâtiment Le Belvédère,"164 Impasse de la Paix, 13386 Marseille",PCBC,LT RDJ ,,Opérationnel,Validé
971,POMPE GEOTHERMIE,,POMPES_CIRCULATEURS,PARAD ADELF 049,,,,CIP MPG,Bâtiment Le Belvédère,"164 Impasse de la Paix, 13386 Marseille",MEPH,LT S1,,Opérationnel,Validé
1244,POMPE GEOTHERMIE,,CLIMATISATION VENTILO CONVECTEUR,PARAD ADELF 035,,,,CIP MPG,Bâtiment Le Belvédère,"164 Impasse de la Paix, 13386 Marseille",Villa A,LT S1,,Opérationnel,Validé
989,POMPE GEOTHERMIE,,POMPES_CIRCULATEURS,PARAD ADELF 068,,,,CIP MPG,Bâtiment Le Belvédère,"164 Impasse de la Paix, 13386 Marseille",PCBC,LT RDJ ,,Opérationnel,Validé
1019,POMPE GEOTHERMIE,,POMPES_CIRCULATEURS,PARAD ADELF 012,,,,CIP MPG,Bâtiment Le Belvédère,"164 Impasse de la Paix, 13386 Marseille",Villa B,LT S1,,Opérationnel,Validé
1381,POMPE INJECTION ACIDE 01 BASSIN INITIATION LT2,,EQUIPEMENTS TECHNIQUES PISCINE SLII,SLII 505,,,,SLII ESA,Bâtiment Émeraude,"53 Impasse des Lilas, 10791 Nice",NIV100,LT2,,Opérationnel,Validé
1369,POMPE INJECTION ACIDE 01 BASSIN INITIATION LT2,,EQUIPEMENTS TECHNIQUES PISCINE SLII,SLII 501,,,,SLII ESA,Bâtiment Émeraude,"53 Impasse des Lilas, 10791 Nice",NIV100,LT2,,Opérationnel,Validé
1379,POMPE INJECTION ACIDE 01 FOSSE A PLONGEON LT2,,EQUIPEMENTS TECHNIQUES PISCINE SLII,SLII 504,,,,SLII ESA,Bâtiment Émeraude,"53 Impasse des Lilas, 10791 Nice",NIV100,LT2,,Opérationnel,Validé
1359,POMPE INJECTION ACIDE 01 FOSSE A PLONGEON LT2,,EQUIPEMENTS TECHNIQUES PISCINE SLII,SLII 500,,,,SLII ESA,Bâtiment Émeraude,"53 Impasse des Lilas, 10791 Nice",NIV100,LT2,,Opérationnel,Validé
2097,POMPE INJECTION PRODUIT ARMOTAIQUE,,HAMMAM,PARAD ADELF 106,,,,CIP MPG,Bâtiment Le Belvédère,"164 Impasse de la Paix, 13386 Marseille",Villa principale,HAMMAM SDB ETAGE,,Opérationnel,Validé
1041,POMPE INJECTION PRODUIT ARMOTAIQUE,,POMPES_CIRCULATEURS,PARAD ADELF 116,,,,CIP MPG,Bâtiment Le Belvédère,"164 Impasse de la Paix, 13386 Marseille",Piscine intérieure,LT piscine,,Opérationnel,Validé
980,POMPE PLANCHER CHAUFFANT,,POMPES_CIRCULATEURS,PARAD ADELF 048,,,,CIP MPG,Bâtiment Le Belvédère,"164 Impasse de la Paix, 13386 Marseille",MEPH,LT S1,,Opérationnel,Validé
961,POMPE PLANCHER CHAUFFANT,,POMPES_CIRCULATEURS,PARAD ADELF 034,,,,CIP MPG,Bâtiment Le Belvédère,"164 Impasse de la Paix, 13386 Marseille",Villa B,LT S1,,Opérationnel,Validé
1052,POMPE PLANCHER CHAUFFANT,,POMPES_CIRCULATEURS,PARAD ADELF 067,,,,CIP MPG,Bâtiment Le Belvédère,"164 Impasse de la Paix, 13386 Marseille",PCBC,LT RDJ ,,Opérationnel,Validé
1060,POMPE PLANCHER CHAUFFANT,,POMPES_CIRCULATEURS,PARAD ADELF 011,,,,CIP MPG,Bâtiment Le Belvédère,"164 Impasse de la Paix, 13386 Marseille",Villa B,LT S1,,Opérationnel,Validé
1064,POMPES DE RELEVAGE EU/EV,,POMPES_CIRCULATEURS,PARAD ADELF 024,,,,CIP MPG,Bâtiment Le Belvédère,"164 Impasse de la Paix, 13386 Marseille",Villa A,LT S1,,Opérationnel,Validé
1025,POMPES DE RELEVAGE EU/EV,,POMPES_CIRCULATEURS,PARAD ADELF 002,,,,CIP MPG,Bâtiment Le Belvédère,"164 Impasse de la Paix, 13386 Marseille",Villa B,LT S1,,Opérationnel,Validé
1024,POMPES DE RELEVAGE V.S.,,POMPES_CIRCULATEURS,PARAD ADELF 023,,,,CIP MPG,Bâtiment Le Belvédère,"164 Impasse de la Paix, 13386 Marseille",Villa A,V.S RANGEMENT ,,Opérationnel,Validé
967,POMPES DE RELEVAGE V.S.,,POMPES_CIRCULATEURS,PARAD ADELF 059,,,,CIP MPG,Bâtiment Le Belvédère,"164 Impasse de la Paix, 13386 Marseille",PCBC,V.S. SOUS ESCALIER ,,Opérationnel,Validé
1888,PRODUCTION ECS solaire,,PLOMBERIE,PARAD ADELF 004,,,,CIP MPG,Bâtiment Le Belvédère,"164 Impasse de la Paix, 13386 Marseille",Villa B,LT S1,,Opérationnel,Validé
1877,PRODUCTION ECS solaire,,PLOMBERIE,PARAD ADELF 026,,,,CIP MPG,Bâtiment Le Belvédère,"164 Impasse de la Paix, 13386 Marseille",Villa A,LT S1,,Opérationnel,Validé
1847,PRODUCTION ECS électrique,,PLOMBERIE,PARAD ADELF 027,,,,CIP MPG,Bâtiment Le Belvédère,"164 Impasse de la Paix, 13386 Marseille",Villa B,LT S1,,Opérationnel,Validé
2133,PRODUCTION ECS électrique,,PRODUCTION ECS,PARAD ADELF 005,,,,CIP MPG,Bâtiment Le Belvédère,"164 Impasse de la Paix, 13386 Marseille",Villa B,LT S1,,Opérationnel,Validé
1853,PRODUCTION ECS électrique,,PLOMBERIE,PARAD ADELF 045,,,,CIP MPG,Bâtiment Le Belvédère,"164 Impasse de la Paix, 13386 Marseille",MEPH,LT,,Opérationnel,Validé
1863,PRODUCTION ECS électrique,,PLOMBERIE,PARAD ADELF 062,,,,CIP MPG,Bâtiment Le Belvédère,"164 Impasse de la Paix, 13386 Marseille",PCBC,LT RDJ ,,Opérationnel,Validé
1879,ROBINETTERIE ET VANNES LT,,PLOMBERIE,PARAD ADELF 134,,,,CIP MPG,Bâtiment Le Belvédère,"164 Impasse de la Paix, 13386 Marseille",Villa principale,LT CHAUFFERIE RDJ,,Opérationnel,Validé
1865,ROBINETTERIE ET VANNES LT,,PLOMBERIE,PARAD ADELFA 254,,,,CIP MPG,Bâtiment Le Belvédère,"164 Impasse de la Paix, 13386 Marseille",MEPH,,,Opérationnel,Validé
1859,TRAITEMENT D?EAU,,PLOMBERIE,PARAD ADELF 003,,,,CIP MPG,Bâtiment Le Belvédère,"164 Impasse de la Paix, 13386 Marseille",Villa B,LT S1,,Opérationnel,Validé
1864,TRAITEMENT D?EAU,,PLOMBERIE,PARAD ADELF 025,,,,CIP MPG,Bâtiment Le Belvédère,"164 Impasse de la Paix, 13386 Marseille",Villa A,LT S1,,Opérationnel,Validé
1151,UNITE CLIM REVERSIBLE,,CLIMATISATION VENTILO CONVECTEUR,PARAD ADELF 111,,,,CIP MPG,Bâtiment Le Belvédère,"164 Impasse de la Paix, 13386 Marseille",Villa principale,RDC CHAMBRE 6,,Opérationnel,Validé
1230,UNITE CLIM REVERSIBLE,,CLIMATISATION VENTILO CONVECTEUR,PARAD ADELF 112,,,,CIP MPG,Bâtiment Le Belvédère,"164 Impasse de la Paix, 13386 Marseille",Villa principale,ETAGE SALON TV,,Opérationnel,Validé
1214,UNITE CLIM REVERSIBLE,,CLIMATISATION VENTILO CONVECTEUR,PARAD ADELF 110,,,,CIP MPG,Bâtiment Le Belvédère,"164 Impasse de la Paix, 13386 Marseille",Villa principale,RDC CHAMBRE 4,,Opérationnel,Validé
1298,UNITE CLIM REVERSIBLE,,CLIMATISATION VENTILO CONVECTEUR,PARAD ADELF 109,,,,CIP MPG,Bâtiment Le Belvédère,"164 Impasse de la Paix, 13386 Marseille",Villa principale,RDC GD SALON,,Opérationnel,Validé
1302,VANNES ET ROBINETTERIE EN LOCAL TECHNIQUE,,CLIMATISATION VENTILO CONVECTEUR,PARAD ADELF 014,,,,CIP MPG,Bâtiment Le Belvédère,"164 Impasse de la Paix, 13386 Marseille",Villa B,LT S1,,Opérationnel,Validé
1881,VANNES ET ROBINETTERIE EN LOCAL TECHNIQUE,,PLOMBERIE,PARAD ADELF 037,,,,CIP MPG,Bâtiment Le Belvédère,"164 Impasse de la Paix, 13386 Marseille",Villa A,LT S1,,Opérationnel,Validé
1136,VASE EXPANSION,,CLIMATISATION VENTILO CONVECTEUR,PARAD ADELF 036,,,,CIP MPG,Bâtiment Le Belvédère,"164 Impasse de la Paix, 13386 Marseille",Villa B,LT S1,,Opérationnel,Validé
1142,VASE EXPANSION,,CLIMATISATION VENTILO CONVECTEUR,PARAD ADELF 013,,,,CIP MPG,Bâtiment Le Belvédère,"164 Impasse de la Paix, 13386 Marseille",Villa A,LT S1,,Opérationnel,Validé
1878,VASE EXPANSION,,PLOMBERIE,PARAD ADELF 092,,,,CIP MPG,Bâtiment Le Belvédère,"164 Impasse de la Paix, 13386 Marseille",Villa principale,LT CHAUFFERIE RDJ,,Opérationnel,Validé
21,VASE EXPANSION,,MAINTIEN DE PRESSION,PARAD ADELF 080,,,,CIP MPG,Bâtiment Le Belvédère,"164 Impasse de la Paix, 13386 Marseille",PCBC,RDC ,,Opérationnel,Validé
1873,VASE EXPANSION,,PLOMBERIE,PARAD ADELF 251,,,,CIP MPG,Bâtiment Le Belvédère,"164 Impasse de la Paix, 13386 Marseille",MEPH,LT S1,,Opérationnel,Validé
